{
  "feature_order": [
    "sex",
    "age",
    "address",
    "famsize",
    "Pstatus",
    "Medu",
    "Fedu",
    "studytime",
    "failures",
    "activities",
    "romantic",
    "goout",
    "Dalc",
    "Walc",
    "health",
    "Mjob_health",
    "Mjob_other",
    "Mjob_services",
    "Mjob_teacher",
    "Fjob_health",
    "Fjob_other",
    "Fjob_services",
    "Fjob_teacher"
  ],
  "scaler_mean": [
    0.4108761329305136,
    16.812688821752264,
    0.30362537764350456,
    0.6963746223564955,
    0.12537764350453173,
    2.4924471299093653,
    2.293051359516616,
    1.9274924471299093,
    0.3323262839879154,
    0.4818731117824773,
    0.37462235649546827,
    3.1722054380664653,
    1.5045317220543806,
    2.282477341389728,
    3.5317220543806647,
    0.07250755287009064,
    0.39123867069486407,
    0.2175226586102719,
    0.10574018126888217,
    0.03625377643504532,
    0.5634441087613293,
    0.27794561933534745,
    0.052870090634441085
  ],
  "scaler_scale": [
    0.491992821409602,
    1.2682346211271398,
    0.4598228003202362,
    0.4598228003202362,
    0.33114662917472415,
    1.1301032193917855,
    1.0932006531543346,
    0.8267795395646002,
    0.7154828694239027,
    0.499671307885043,
    0.4840252539994691,
    1.161029194995569,
    0.9258672792480739,
    1.2891463821078246,
    1.4337504095712157,
    0.25932644995619253,
    0.48802763574184993,
    0.41256096713260576,
    0.30750478912385426,
    0.18692094620251384,
    0.4959585114336486,
    0.44798644178996927,
    0.22377409177728122
  ],
  "coefficients": [
    0.21478166212871236,
    0.025539993872808267,
    -0.05467804182558177,
    -0.2734791213974035,
    0.010361876471949416,
    0.315058426911508,
    -0.06849070036765047,
    0.2088722841520106,
    -1.3301720825036416,
    -0.10222487439585581,
    -0.290849091191095,
    -0.21145632067250678,
    -0.061927738026216816,
    -0.11253175416448984,
    -0.20753915346507879,
    0.39348610000611195,
    0.17346770776187126,
    0.3851952862441524,
    0.009591548826019489,
    0.08152955259811617,
    0.14059597184763334,
    0.03879329708820328,
    0.4102161467193187
  ],
  "intercept": 10.725075528700906
}